name,contact_name,email,phone,industry,city,state,website,address,source,status
Phoenix Real Estate Experts,,,(602) 299-5557,Real Estate,Phoenix,AZ,https://arizonaproperrealestate.com/,,DuckDuckGo,Not Contacted
"Phoenix, Arizona Real Estate Agents",,eric.j.swiatek@remax.net,(480) 577-9545,Real Estate,Phoenix,AZ,https://www.remax.com/real-estate-agents/phoenix-az,,DuckDuckGo,Not Contacted
Joelle Addante,,,(602) 790-6484,Real Estate,Phoenix,AZ,https://phoenixliving.com/,,DuckDuckGo,Not Contacted
Phoenix Real Estate Agencies,,,,Real Estate,Phoenix,AZ,https://www.2findlocal.com/c/n1t20918c8212-real-estate-agencies-phoenix-az,,DuckDuckGo,Not Contacted
REI Marketing Agency,,,,Real Estate,Phoenix,AZ,https://investornitro.com/phoenix-digital-marketing/,,DuckDuckGo,Not Contacted
"My AZ Realty Team, West USA Realty",,MyAzRealtyTeam@gmail.com,,Real Estate,Phoenix,AZ,https://www.phoenixhomesaz.com/,,DuckDuckGo,Not Contacted
"Phoenix, AZ Real Estate Agents",,,,Real Estate,Phoenix,AZ,https://www.arizonabest.com/Homes/Agents/List.html,,DuckDuckGo,Not Contacted
Arizona Dream Realty,,,(611) 493-2531,Real Estate,Phoenix,AZ,https://www.newhomesagents.com/realestateagents.html?state=arizona&city=phoenix&ID=10269,,DuckDuckGo,Not Contacted
Real Estate Agent Directory,,,,Real Estate,Indianapolis,IN,https://www.realty.com/offices/IN/Indianapolis,,DuckDuckGo,Not Contacted
Real Estate Agent,,,(602) 770-6574,Real Estate,Phoenix,AZ,https://www.recommendedcompany.com/real-estate-agents/in/phoenix-az/,,DuckDuckGo,Not Contacted
"Indianapolis, IN Real Estate Agents",,mike.abbott@cbexchange.com,,Real Estate,Indianapolis,IN,https://www.coldwellbanker.com/city/in/indianapolis/agents,,DuckDuckGo,Not Contacted
Realty AZ Central,,,,Real Estate,Phoenix,AZ,https://realtyazcentral.com/,,DuckDuckGo,Not Contacted
Smith Spencer Real Estate:,,hello@smithspencer.com,,Real Estate,Charleston,SC,https://smithspencer.com/,,DuckDuckGo,Not Contacted
Jeff Cook Real Estate,,,,Real Estate,Charleston,SC,https://www.jeffcookrealestate.com/,,DuckDuckGo,Not Contacted
The Cassina Group:,,,,Real Estate,Charleston,SC,https://www.thecassinagroup.com/,,DuckDuckGo,Not Contacted
Carolina One Real Estate:,,coreservices@carolinaone.com,(963) 718-4143,Real Estate,Charleston,SC,https://www.carolinaone.com/,,DuckDuckGo,Not Contacted
"Charleston, SC Real Estate by William Means",,,,Real Estate,Charleston,SC,https://www.charlestonrealestate.com/,,DuckDuckGo,Not Contacted
Daniel Island Real Estate,,welcome@direalestate.com,,Real Estate,Charleston,SC,https://www.danielisland.com/,,DuckDuckGo,Not Contacted
Carolina Elite Real Estate: Real Estate Brokerage in Summerville &,,support@agentfire.com,(223) 965-6783,Real Estate,Charleston,SC,https://carolinaeliterealestate.com/,,DuckDuckGo,Not Contacted
Commercial Real Estate Broker,,mike@carr-properties.com,(519) 859-7212,Real Estate,Charleston,SC,https://carr-properties.com/,,DuckDuckGo,Not Contacted
Charleston SC Real Estate : Heather Lord Broker Associate,,heather@heatherlord.com,,Real Estate,Charleston,SC,https://www.heatherlord.com/agents/view/heather-lord.html,,DuckDuckGo,Not Contacted
"Denver Agents, 959 Compass Real Estate Agents",,team4wallsthatfit@compass.com,(212) 913-9058,Real Estate,Denver,CO,https://www.compass.com/agents/locations/denver-co/16237/,,DuckDuckGo,Not Contacted
Search for a Real Estate Agent in,,,(469) 360-0750,Real Estate,Denver,CO,https://www.century21.com/real-estate-agents/denver-co/LCCODENVER/,,DuckDuckGo,Not Contacted
Dominic Miller:,,,(303) 536-1786,Real Estate,Denver,CO,https://www.coloproperty.com/agent/details/P32612/Dominic-Miller-CompassDenver-Denver-CO,,DuckDuckGo,Not Contacted
"Denver, CO Real Estate Agents",,,,Real Estate,Denver,CO,https://www.homes.com/real-estate-agents/denver-co/,,DuckDuckGo,Not Contacted
Plumber,,,,Home Services,Nashville,TN,https://www.mortonplumbing.net/,,DuckDuckGo,Not Contacted
"Licensed Plumbers Jacksonville, FL",,,(700) 016-3907,Home Services,Jacksonville,FL,https://www.mrrooter.com/jacksonville/,,DuckDuckGo,Not Contacted
"Hiller Plumbing, HVAC & Electrical Services",,,,Home Services,Nashville,TN,https://happyhiller.com/locations/nashville/,,DuckDuckGo,Not Contacted
Premier Plumbing,,,,Home Services,Jacksonville,FL,https://wearepremierplumbing.com/,,DuckDuckGo,Not Contacted
"Plumbing Services in Nashville, TN",,,,Home Services,Nashville,TN,https://www.leecompany.com/location/nashville-tn/plumbing/,,DuckDuckGo,Not Contacted
Indianapolis Furnace Repair & 24/7 HVAC Service,,retailmarketing@AuthorityBrands.co,(900) 719-9254,Home Services,Indianapolis,IN,https://www.onehourheatandair.com/indianapolis/,,DuckDuckGo,Not Contacted
Indianapolis HVAC & Heating,,office@honestabehvac.com,(317) 452-2262,Home Services,Indianapolis,IN,https://honestabehvac.com/,,DuckDuckGo,Not Contacted
"Howald Heating, Air Conditioning & Plumbing-HVAC Company",,,(317) 255-4328,Home Services,Indianapolis,IN,https://howaldheatingandair.com/,,DuckDuckGo,Not Contacted
Top-Rated HVAC Services in,,info@northerncomfortsystems.com,(317) 926-4328,Home Services,Indianapolis,IN,https://northerncomfortsystems.com/indianapolis/hvac/,,DuckDuckGo,Not Contacted
HVAC Contractors,,royrogershvac2011@gmail.com,(317) 809-5628,Home Services,Indianapolis,IN,https://www.royrogersheatingandair.com/,,DuckDuckGo,Not Contacted
Indianapolis Heating & Air Conditioning Installation & Repair,,,(643) 336-9614,Home Services,Indianapolis,IN,https://airtron.com/indianapolis/,,DuckDuckGo,Not Contacted
"Indianapolis' #1 Plumber, Heating & AC Expert",,websiteuse@br.summersphc.com,(317) 747-2971,Home Services,Indianapolis,IN,https://summersphc.com/indianapolis/,,DuckDuckGo,Not Contacted
Chapman:,,info@chapmanheating.com,(317) 207-9378,Home Services,Indianapolis,IN,https://chapmanheating.com/,,DuckDuckGo,Not Contacted
"Indianapolis HVAC, AC Repair, Heating & Electrical",,,(770) 991-9848,Home Services,Indianapolis,IN,https://williamscomfortair.com/,,DuckDuckGo,Not Contacted
"HVAC, Plumbing, & Electrical Services in",,info@brewercomfort.com,,Home Services,Indianapolis,IN,https://brewercomfort.com/,,DuckDuckGo,Not Contacted
Plumber in,,,(210) 247-2752,Home Services,San Antonio,TX,https://www.willfixit.com/plumbing-service,,DuckDuckGo,Not Contacted
1st Call Plumbing & AC Repair in,,,,Home Services,San Antonio,TX,https://1stcallplumbingandac.com/,,DuckDuckGo,Not Contacted
Rosenberg Plumbing & Air,,,(210) 987-5587,Home Services,San Antonio,TX,https://rosenberghvac.com/,,DuckDuckGo,Not Contacted
San Antonio Plumbing: Home,,general@sanantonioplumbing.co,,Home Services,San Antonio,TX,https://saplumbing.net/,,DuckDuckGo,Not Contacted
Radiant Plumbing,,,,Home Services,Austin,TX,https://www.usaplumbing.info/texas/austin/radiant-plumbing,,DuckDuckGo,Not Contacted
Emergency Plumbing & Drain Service in,,,(304) 586-2401,Home Services,San Antonio,TX,https://www.rotorooter.com/sanantonio/,,DuckDuckGo,Not Contacted
Plumbing Specialists in Greater,,m-home-banner@2x.webp,,Home Services,San Antonio,TX,https://yell4george.com/,,DuckDuckGo,Not Contacted
Nathan Plumbing,,service@merrittplumbing.com,,Home Services,San Antonio,TX,https://merrittplumbing.com/,,DuckDuckGo,Not Contacted
Murray Plumbing:,,service@murrayplumbing.com,,Home Services,San Antonio,TX,https://murrayplumbing.com/,,DuckDuckGo,Not Contacted
Darley's Plumbing,,,,Home Services,Jacksonville,FL,https://darleysplumbing.com/,,DuckDuckGo,Not Contacted
Dentist in,,info@arizonabiltmoredentistry.com,,Dental & Medical,Phoenix,AZ,https://www.arizonabiltmoredentistry.com/,,DuckDuckGo,Not Contacted
North Central Family Dentistry,,lonierdds@gmail.com,(602) 242-2576,Dental & Medical,Phoenix,AZ,https://www.ncfdentistry.com/,,DuckDuckGo,Not Contacted
"Phoenix, AZ",,,,Dental & Medical,Phoenix,AZ,https://www.aspendental.com/dentist/az/phoenix/475-east-bell-road-ste-150/,,DuckDuckGo,Not Contacted
Dental Care,,,(365) 200-9071,Dental & Medical,Charleston,SC,https://muschealth.org/medical-services/dental,,DuckDuckGo,Not Contacted
Family Dentist in,,,,Dental & Medical,Phoenix,AZ,https://orangewoodfamilydental.com/,,DuckDuckGo,Not Contacted
MUSC Dental and Oral Health,,,(843) 876-7645,Dental & Medical,Charleston,SC,https://www.getcare.muschealth.org/locations/sc/charleston/musc-dental-and-oral-health-charlestondep-fac419,,DuckDuckGo,Not Contacted
Solterra Dentistry,,info@solterradentistry.com,(285) 224-1280,Dental & Medical,Phoenix,AZ,https://www.solterradentistry.com/,,DuckDuckGo,Not Contacted
Emergency Dentist,,info@dentalhomeaz.com,,Dental & Medical,Phoenix,AZ,https://www.dentalhomeaz.com/emergency-dentist/,,DuckDuckGo,Not Contacted
Atlanta Dental Center: Dentist in,,info@atlantadentalcenter.com,,Dental & Medical,Atlanta,GA,https://atlantadentalcenter.com/,,DuckDuckGo,Not Contacted
Dental Office,,,(404) 522-7913,Dental & Medical,Atlanta,GA,https://downtownatlantadentistry.com/contact-us/,,DuckDuckGo,Not Contacted
Atlanta Dental Team,,,(770) 285-2868,Dental & Medical,Atlanta,GA,https://atlantadentalteam.com/,,DuckDuckGo,Not Contacted
Ponce Dental Group: Local Dentist Office in,,,(678) 221-4954,Dental & Medical,Atlanta,GA,https://www.poncedentalgroup.com/,,DuckDuckGo,Not Contacted
Dental Esthetics Studio: Dentist in,,,(678) 661-5299,Dental & Medical,Atlanta,GA,https://dentalestheticsstudio.com/,,DuckDuckGo,Not Contacted
Laser Dentistry P.C.,,laserdentistry@bellsouth.net,(770) 671-1311,Dental & Medical,Atlanta,GA,https://laserdentistrydunwoody.com/,,DuckDuckGo,Not Contacted
Piedmont Smiles Dental Office,,vmarshdmd@gmail.com,(404) 237-3309,Dental & Medical,Atlanta,GA,https://www.piedmontsmiles.com/,,DuckDuckGo,Not Contacted
Atlanta Gum Disease Treatment in GA Near Me,,,(678) 891-0069,Dental & Medical,Atlanta,GA,https://www.coastdental.com/dentist-office/atlanta-ga-30331/gum-disease,,DuckDuckGo,Not Contacted
Dentist,,frontdesk@dillarddentalservices.com,,Dental & Medical,Nashville,TN,https://www.dillarddentalservices.com/,,DuckDuckGo,Not Contacted
Family Dentistry,,,(615) 662-0255,Dental & Medical,Nashville,TN,https://www.615smiledesign.com/dental-services/general-dentistry/family-dentistry/,,DuckDuckGo,Not Contacted
Family Dentist,,drrichardgaw@gmail.com,,Dental & Medical,Nashville,TN,http://www.drgaw.com/green-hills-nashville-dental-practice.php,,DuckDuckGo,Not Contacted
Naval Health Clinic,,dma.WebSD@mail.mil,(638) 901-6277,Dental & Medical,Charleston,SC,https://nhc-charleston.tricare.mil/Health-Services/Dental/Dental-Clinics,,DuckDuckGo,Not Contacted
Nashville Family Dentistry: Home,,,(615) 832-5899,Dental & Medical,Nashville,TN,https://familydentistrynashville.com/,,DuckDuckGo,Not Contacted
Green Hills Family Dentistry: Home,,,(615) 383-6066,Dental & Medical,Nashville,TN,https://greenhillsfamilydentistry.com/,,DuckDuckGo,Not Contacted
Portland Dentist Near Me,,contact@timberdental.com,(503) 765-7355,Dental & Medical,Portland,OR,https://www.timberdental.com/,,DuckDuckGo,Not Contacted
Elliott Dentistry • Dentist in,,info@weomedia.com,(503) 661-6111,Dental & Medical,Portland,OR,https://elliott-dentistry.com/,,DuckDuckGo,Not Contacted
Start Your New Smile,,email@email.com,(503) 284-3575,Dental & Medical,Portland,OR,https://www.laurelwooddental.com/contact/,,DuckDuckGo,Not Contacted
Jacksonville Business Law Lawyers,,,,Law Firms,Jacksonville,FL,https://www.lawyerland.com/lawyers/law-firms/business-law/jacksonville/fl/page-3.php,,DuckDuckGo,Not Contacted
Jacksonville Law Firm,,,(988) 666-7943,Law Firms,Jacksonville,FL,https://www.lawyercontact.us/lawyer/jacksonville-law-firm-law-line-3/,,DuckDuckGo,Not Contacted
The Law Firm of Pajcic & Pajcic,,,,Law Firms,Jacksonville,FL,https://www.whereorg.com/pajcic-pajcic-3404211,,DuckDuckGo,Not Contacted
Steve D. Parker,,,(575) 891-4462,Law Firms,Jacksonville,FL,https://www.harmonparkerlaw.com/about-us/steve-d-parker/,,DuckDuckGo,Not Contacted
USA Archives,,talktous@thelawhq.com,(800) 579-1019,Law Firms,Jacksonville,FL,http://www.thelawhq.com/usa/page/2/,,DuckDuckGo,Not Contacted
"Jacksonville, FL Law Firm, Attorney Offices",,,(904) 598-9929,Law Firms,Jacksonville,FL,https://www.gray-robinson.com/offices/jacksonville-fl,,DuckDuckGo,Not Contacted
SABA Directories,,,(202) 602-2619,Law Firms,San Antonio,TX,https://sanantoniobar.org/?pg=MemberDirectoryInfo,,DuckDuckGo,Not Contacted
San Antonio Law Firm,,dsnell@bsklaw.com,(210) 756-7220,Law Firms,San Antonio,TX,https://www.bsklaw.com/,,DuckDuckGo,Not Contacted
"Calfas Law Group, PLLC",,,,Law Firms,San Antonio,TX,https://www.allbiz.com/business/calfas-law-group-pllc-210-405-8315,,DuckDuckGo,Not Contacted
Newton's Law Firm,,,,Law Firms,San Antonio,TX,https://newtonslawtx.com/,,DuckDuckGo,Not Contacted
San Antonio Guardianship Lawyer,,,(210) 861-6000,Law Firms,San Antonio,TX,https://www.sanantonio-law.com/,,DuckDuckGo,Not Contacted
Calfas Law Group:,,,(384) 896-4182,Law Firms,San Antonio,TX,https://www.calfaslaw.com/,,DuckDuckGo,Not Contacted
San Antonio Insurance Law Attorney,,service@salegal.com,(210) 614-9444,Law Firms,San Antonio,TX,https://www.salegal.com/,,DuckDuckGo,Not Contacted
Austin Personal Injury Lawyer,,info@personalinjurylawyersaustintx.com,(512) 280-0800,Law Firms,Austin,TX,https://personalinjurylawyersaustintx.com/,,DuckDuckGo,Not Contacted
Phoenix Law Office of Snell & Wilmer /,,,(602) 382-6000,Law Firms,Phoenix,AZ,https://www.swlaw.com/location/phoenix/,,DuckDuckGo,Not Contacted
Phoenix Lawyers,,,(602) 285-5000,Law Firms,Phoenix,AZ,https://www.dickinson-wright.com/our-firm/locations/phoenix-united-states-of-america,,DuckDuckGo,Not Contacted
"Phoenix Attorney: Top Immigration, Family, Injury, Criminal Lawyers",,,,Law Firms,Phoenix,AZ,https://www.alcocklaw.com/,,DuckDuckGo,Not Contacted
"Welcome to Burch & Cracchiolo, P.A.",,info@bcattorneys.com,(602) 274-7611,Law Firms,Phoenix,AZ,https://www.bcattorneys.com/,,DuckDuckGo,Not Contacted
Civil Attorney Near Me,,,,Law Firms,Phoenix,AZ,https://www.azlaw.com/,,DuckDuckGo,Not Contacted
Phoenix Personal Injury Lawyer,,,(602) 274-9662,Law Firms,Phoenix,AZ,https://lambergoodnow.com/,,DuckDuckGo,Not Contacted
Phoenix Attorney,,,,Law Firms,Phoenix,AZ,https://www.kwlaw-az.com/,,DuckDuckGo,Not Contacted
Lawyers and Law Firms in,,,(512) 454-4000,Law Firms,Austin,TX,https://listingsus.com/texas/hill-country-region/travis-county/austin/professional/law/lawyers_and_firms/,,DuckDuckGo,Not Contacted
"Akin Gump Strauss Hauer & Feld LLP, Best Law Firm in",,,(512) 499-6200,Law Firms,Austin,TX,https://www.lawyerdb.org/lawfirm/akin-gump-strauss-hauer-feld-llp-austin/,,DuckDuckGo,Not Contacted
Britt Law Firm,,,(512) 371-6092,Law Firms,Austin,TX,http://www.shopinaustin.net/Britt-Law-Firm-Austin/10724422.htm,,DuckDuckGo,Not Contacted
Austin TX Law Firm,,jeff.plies@dechert.com,(772) 200-9178,Law Firms,Austin,TX,https://www.dechert.com/locations/offices/austin.html,,DuckDuckGo,Not Contacted
Denver Med Spa,,info@thecenterforskincare.net,(303) 279-6100,Med Spas & Wellness,Denver,CO,https://www.rejuvenatecolorado.com/,,DuckDuckGo,Not Contacted
Spa Bella Medispa,,,,Med Spas & Wellness,Denver,CO,https://spabellamedispa.com/,,DuckDuckGo,Not Contacted
Vive Med Spa,,info@vivemedspadenver.com,(662) 541-8551,Med Spas & Wellness,Denver,CO,https://www.vivemedspadenver.com/,,DuckDuckGo,Not Contacted
Medical Spa,,,(833) 333-3333,Med Spas & Wellness,Denver,CO,https://www.denverfusionspa.com/,,DuckDuckGo,Not Contacted
Medical Spa in South,,user@domain.com,(754) 589-7870,Med Spas & Wellness,Portland,OR,https://www.rejuvenationsmedispa.com/south-portland-maine,,DuckDuckGo,Not Contacted
#1 Laser Hair Removal & Medical Spa In,,,,Med Spas & Wellness,Denver,CO,https://gleammedspa.com/,,DuckDuckGo,Not Contacted
Premier Medical Spa in,,info@aobmedspa.com,(720) 637-1320,Med Spas & Wellness,Denver,CO,https://www.aobmedspa.com/,,DuckDuckGo,Not Contacted
Aspire Medical Spa,,arvada@denvermedispa.com,,Med Spas & Wellness,Denver,CO,https://denvermedispa.com/,,DuckDuckGo,Not Contacted
Portland Med Spa,,,,Med Spas & Wellness,Portland,OR,https://www.prlog.org/13095929-portland-med-spa-expands-service-offerings-with-latest-aesthetic-technologies.html,,DuckDuckGo,Not Contacted
Stadia Med Spa in,,,(210) 881-6270,Med Spas & Wellness,San Antonio,TX,https://www.stadiamedspa.com/,,DuckDuckGo,Not Contacted
Marcos Medical: Medical Spa,,frontdesk@marcosmedical.wpengine.com,(210) 536-0636,Med Spas & Wellness,San Antonio,TX,https://marcosmedical.com/,,DuckDuckGo,Not Contacted
Med Spa Services in,,,(210) 942-6672,Med Spas & Wellness,San Antonio,TX,https://www.ablavskyplasticsurgery.com/med-spa/,,DuckDuckGo,Not Contacted
Inward Beauty of,,Vip@inwardbeautymedspa.com,(210) 963-3000,Med Spas & Wellness,San Antonio,TX,https://inwardbeautymedspa.com/,,DuckDuckGo,Not Contacted
Med Spa Near Me,,,(210) 504-7266,Med Spas & Wellness,San Antonio,TX,https://mybffmedspa.com/contact/,,DuckDuckGo,Not Contacted
Radiance MedSpa,,,,Med Spas & Wellness,San Antonio,TX,https://www.radiancesanantonio.com/,,DuckDuckGo,Not Contacted
Charleston Aesthetic Clinic: Working Toward a Better You -,,,(630) 790-4821,Med Spas & Wellness,Charleston,SC,https://charlestonwomen.com/medicine/charleston-aesthetic-clinic-working-toward-a-better-you/,,DuckDuckGo,Not Contacted
Bloom Aesthetics Studio,,user@domain.com,(729) 200-9073,Med Spas & Wellness,Charleston,SC,https://www.bloomaestheticschs.com/,,DuckDuckGo,Not Contacted
"Charleston, SC Aesthetic courses for Medical Professionals",,,(844) 997-3231,Med Spas & Wellness,Charleston,SC,https://www.empiremedicaltraining.com/courses/charleston-sc/,,DuckDuckGo,Not Contacted
Facial Aesthetics in,,,(284) 614-9430,Med Spas & Wellness,Charleston,SC,https://www.hehroralsurgery.com/services/facial-aesthetics,,DuckDuckGo,Not Contacted
"Aesthetic & Wellness Clinic in Summerville, SC",,info@carolinashealthandwellness.com,(854) 206-7331,Med Spas & Wellness,Charleston,SC,https://www.carolinashealthandwellness.com/,,DuckDuckGo,Not Contacted
Charleston School of Beauty Culture,,,(843) 555-0199,Med Spas & Wellness,Charleston,SC,http://charlestonschoolofbeautyculture.com/,,DuckDuckGo,Not Contacted
Medical Spa in,,charleston@wellabsplus.com,(766) 944-0691,Med Spas & Wellness,Charleston,SC,https://koniveraesthetics.com/home/,,DuckDuckGo,Not Contacted
Access Aesthetics,,,(737) 814-9583,Med Spas & Wellness,Charleston,SC,https://accesshealthcarecharleston.com/aesthetics,,DuckDuckGo,Not Contacted
Med Spa,,aafp-capital-rgb@2-e1542308987216.png.webp,(857) 142-8571,Med Spas & Wellness,Charleston,SC,https://www.aesthetispa.com/,,DuckDuckGo,Not Contacted
Medspa of,,,(800) 766-1759,Med Spas & Wellness,Indianapolis,IN,https://medspaofindianapolis.com/,,DuckDuckGo,Not Contacted
Gym in,,erin.gallahorn@o2fitnessclubs.com,(721) 772-3496,Fitness & Gyms,Charleston,SC,https://www.o2fitnessclubs.com/locations/sc/charleston-james-island,,DuckDuckGo,Not Contacted
"Charleston, SC 29412",,websiteinquiries@goldsgym.com,(956) 804-9105,Fitness & Gyms,Charleston,SC,https://www.goldsgym.com/locations/sc/charleston/,,DuckDuckGo,Not Contacted
GOLD'S GYM,,,(333) 469-3333,Fitness & Gyms,Charleston,SC,https://www.loc8nearme.com/south-carolina/charleston/golds-gym/2134508/,,DuckDuckGo,Not Contacted
Bayshore Fit,,kamryn@bayshorefit.com,,Fitness & Gyms,Tampa,FL,https://bayshorefit.com/,,DuckDuckGo,Not Contacted
HYLO Fitness,,,,Fitness & Gyms,Charleston,SC,https://www.chamberofcommerce.com/business-directory/south-carolina/charleston/gym/2011535383-hylo-fitness-charleston,,DuckDuckGo,Not Contacted
Locations,,hellochs@hylofitness.com,(843) 606-5267,Fitness & Gyms,Charleston,SC,https://hylofitness.com/locations-charleston/,,DuckDuckGo,Not Contacted
Tampa's Best Gym,,info@PGAthleticClub.com,,Fitness & Gyms,Tampa,FL,https://pgathleticclub.com/,,DuckDuckGo,Not Contacted
Elevate Fitness: 24 Hour Fitness Gym,,user@domain.com,(663) 941-0461,Fitness & Gyms,Charleston,SC,https://www.elevatefitness.us/,,DuckDuckGo,Not Contacted
Title Boxing Club Dallas,,your@email.com,(228) 673-6989,Fitness & Gyms,Dallas,TX,https://www.titleboxingclub.com/dallas-tx/,,DuckDuckGo,Not Contacted
StudioTorch,,user@domain.com,(498) 337-9480,Fitness & Gyms,Columbus,OH,https://www.studiotorch.com/,,DuckDuckGo,Not Contacted
The Fitness Loft,,user@domain.com,(755) 528-2546,Fitness & Gyms,Columbus,OH,https://www.fitnessloftcolumbus.com/,,DuckDuckGo,Not Contacted
Fitness Studio & Gym near Short North,,studiomanager1091@orangetheoryfitness.com,(662) 918-4900,Fitness & Gyms,Columbus,OH,https://www.orangetheory.com/en-us/locations/columbus-ohio-1091,,DuckDuckGo,Not Contacted
Italian Village Gym,,info@theathleticcos.com,(614) 307-5026,Fitness & Gyms,Columbus,OH,https://www.theathleticcos.com/location/italian-village/,,DuckDuckGo,Not Contacted
Snap Fitness,,shortnorth@snapfitness.com,(614) 299-9006,Fitness & Gyms,Columbus,OH,https://www.snapfitness.com/us/gyms/columbus-short-north-oh,,DuckDuckGo,Not Contacted
LA Fitness,,,(614) 643-0070,Fitness & Gyms,Columbus,OH,https://www.lafitness.com/pages/clubhome.aspx?clubid=1001,,DuckDuckGo,Not Contacted
Private Personal Training,,info@personallevelfitness.com,(614) 488-0004,Fitness & Gyms,Columbus,OH,https://personallevelfitness.com/,,DuckDuckGo,Not Contacted
Tampa Family Fitness,,,(773) 000-0894,Fitness & Gyms,Tampa,FL,https://tampafamilyfitness.com/,,DuckDuckGo,Not Contacted
Personal Training INDY YMCA| Skilled Certified Professionals,,info@indymca.org,(251) 125-2310,Fitness & Gyms,Indianapolis,IN,https://indymca.org/programs/health-wellness/personal-training/,,DuckDuckGo,Not Contacted
Personal Trainer,,info@odingafitness.com,,Fitness & Gyms,Indianapolis,IN,https://odingafitness.com/,,DuckDuckGo,Not Contacted
9Round Charlotte,,,(651) 170-1851,Fitness & Gyms,Charlotte,NC,https://www.9round.com/locations/nc/charlotte/ballantyne,,DuckDuckGo,Not Contacted
So Be Fit Indy,,,(317) 697-1939,Fitness & Gyms,Indianapolis,IN,https://indysobefit.com/,,DuckDuckGo,Not Contacted
Personal Training at the JCC,,info@JCCindy.org,(317) 251-9467,Fitness & Gyms,Indianapolis,IN,https://jccindy.org/personal-training/,,DuckDuckGo,Not Contacted
Personal Trainer Indiana,,elitefitnesssystemsindy@gmail.com,,Fitness & Gyms,Indianapolis,IN,https://www.efsindy.com/,,DuckDuckGo,Not Contacted
CrossFit Hyde Park,,,(663) 256-2292,Fitness & Gyms,Tampa,FL,https://www.crossfithydepark.com/,,DuckDuckGo,Not Contacted
Personal Trainers in,,,(317) 274-3432,Fitness & Gyms,Indianapolis,IN,https://www.nifs.org/fitness-center/training-coaching,,DuckDuckGo,Not Contacted
RKG Contracting,,,(254) 535-2419,Contractors,Denver,CO,https://www.rkgcontracting.com/,,DuckDuckGo,Not Contacted
General Contractor in,,,,Contractors,Denver,CO,https://thegeneralcontractordirectory.com/colorado/denver/,,DuckDuckGo,Not Contacted
General Contractor,,,,Contractors,Denver,CO,https://dwgeneralcontractors.com/,,DuckDuckGo,Not Contacted
MR/Westco Inc.,,scheduling@mrwestco.com,(254) 535-2419,Contractors,Denver,CO,https://www.mrwestco.com/,,DuckDuckGo,Not Contacted
Associated General Contractors in,,,(636) 264-1567,Contractors,Denver,CO,http://www.shopindenver.com/Associated-General-Contractors/10434276.htm,,DuckDuckGo,Not Contacted
Luxury Home Remodeling Company in,,info@mjbrownrenovations.com,,Contractors,Indianapolis,IN,https://www.mjbrownrenovations.com/,,DuckDuckGo,Not Contacted
Booher Remodeling Company,,,(317) 852-5546,Contractors,Indianapolis,IN,https://www.booherbuilding.com/,,DuckDuckGo,Not Contacted
Whole Home Remodeling Contractor,,,(317) 839-8353,Contractors,Indianapolis,IN,https://www.whickerconstruction.com/whole-home-remodeling/,,DuckDuckGo,Not Contacted
Home Remodeling In,,,,Contractors,Indianapolis,IN,https://www.cliffsconstruction.com/,,DuckDuckGo,Not Contacted
Indianapolis Remodeling Contractors,,,,Contractors,Indianapolis,IN,https://nicholasdesignbuild.com/indianapolis-remodeling-contractors/,,DuckDuckGo,Not Contacted
"Indianapolis Home, Kitchen, and Bathroom Remodeling",,,,Contractors,Indianapolis,IN,https://corinthianinc.com/indianapolis/,,DuckDuckGo,Not Contacted
The 10 Best Home Remodeling Contractors in,,,,Contractors,Indianapolis,IN,https://homeguide.com/in/indianapolis/home-remodeling/,,DuckDuckGo,Not Contacted
Home Improvement & Roofing Services in,,,(317) 848-7634,Contractors,Indianapolis,IN,https://www.centennialconstructionremodeling.com/indianapolis/,,DuckDuckGo,Not Contacted
Indiana Residential,,estimates@indianaresidential.com,,Contractors,Indianapolis,IN,https://indianaresidential.com/,,DuckDuckGo,Not Contacted
"Home Improvement, Renovation & Remodeling Company, General Contractor",,chris@greenmenrestoration.com,,Contractors,Indianapolis,IN,https://greenmenrestoration.com/,,DuckDuckGo,Not Contacted
Award Winning Home Improvement & Remodeling Company,,remodel@gettum.com,(317) 888-5681,Contractors,Indianapolis,IN,https://www.gettum.com/,,DuckDuckGo,Not Contacted
Remodeling Contractor,,estimates@riverbirchremodeling.com,(549) 670-9837,Contractors,Raleigh,NC,https://riverbirchremodeling.com/,,DuckDuckGo,Not Contacted
Raleigh Remodeling Company,,dominick@raleighremodelingcompany.com,(919) 271-3892,Contractors,Raleigh,NC,https://raleighremodelingcompany.com/,,DuckDuckGo,Not Contacted
Home Remodeling Company,,,,Contractors,Raleigh,NC,https://blue-ribbon-construction.com/,,DuckDuckGo,Not Contacted
The Remodeling Company,,,,Contractors,Raleigh,NC,https://www.trcofnc.com/,,DuckDuckGo,Not Contacted
Home Remodeling General Contractor,,,(919) 528-1162,Contractors,Raleigh,NC,https://www.aandmremodeling.com/,,DuckDuckGo,Not Contacted
Odyssey Contracting:,,info@odysseycontracting.com,(984) 272-9712,Contractors,Raleigh,NC,https://odysseycontracting.com/,,DuckDuckGo,Not Contacted
Home Remodeling Contractor,,,,Contractors,Raleigh,NC,https://www.wingateconstruction.com/,,DuckDuckGo,Not Contacted
Residential Remodeling Contractor,,mymail@mailservice.com,,Contractors,Raleigh,NC,https://www.qdcinc.com/,,DuckDuckGo,Not Contacted
General Contractors,,,,Contractors,Charlotte,NC,https://evansgeneralcontractors.com/locations/charlotte-nc/,,DuckDuckGo,Not Contacted
Jacksonville FL Internet Marketing SEO Social Media Agency:,,staff@floridawebsitemarketing.com,(813) 409-4683,Agencies & Consultants,Jacksonville,FL,https://floridawebsitemarketing.com/jacksonville-florida-internet-and-website-marketing/,,DuckDuckGo,Not Contacted
"Jacksonville, FL",,,,Agencies & Consultants,Jacksonville,FL,https://1023digitalmarketing.com/jacksonville-fl/,,DuckDuckGo,Not Contacted
Creative Advertising & Marketing Agency in,,hello@5ivecanons.com,(904) 353-2900,Agencies & Consultants,Jacksonville,FL,https://5ivecanons.com/contact/,,DuckDuckGo,Not Contacted
Marketing Agency in,,sales@masterbrandstudio.com,,Agencies & Consultants,Jacksonville,FL,https://masterbrandstudio.com/,,DuckDuckGo,Not Contacted
Jacksonville Digital Marketing Agency,,,,Agencies & Consultants,Jacksonville,FL,https://www.scottsdalewebdesign.com/internet-marketing-company-jacksonville-fl/,,DuckDuckGo,Not Contacted
Marketing Agency,,usa@v1technologies.com,,Agencies & Consultants,Jacksonville,FL,https://www.v1technologies.com/marketing-agency-jacksonville.php,,DuckDuckGo,Not Contacted
DIGITAL MARKETING AGENCY IN,,hello@krischislett.com,(378) 460-4605,Agencies & Consultants,Jacksonville,FL,https://www.krischislett.com/digital-marketing-agency-jacksonville-fl/,,DuckDuckGo,Not Contacted
Wingard » Marketing & Advertising Agency in,,hello@wearewingard.com,(904) 387-2570,Agencies & Consultants,Jacksonville,FL,https://www.wearewingard.com/,,DuckDuckGo,Not Contacted
Advertising Agency in,,,(904) 992-9945,Agencies & Consultants,Jacksonville,FL,https://beson4.com/,,DuckDuckGo,Not Contacted
Matchstick Social,,info@matchsticksocial.com,(843) 631-6273,Agencies & Consultants,Charleston,SC,https://matchsticksocial.com/,,DuckDuckGo,Not Contacted
Cobble Hill,,user@domain.com,(631) 644-6926,Agencies & Consultants,Charleston,SC,https://cobblehilldigital.com/,,DuckDuckGo,Not Contacted
JLB Works Digital Marketing,,sales@jlbworks.com,(615) 794-2123,Agencies & Consultants,Nashville,TN,https://jlbworks.com/digital-marketing-agency/,,DuckDuckGo,Not Contacted
Charleston Digital Marketing Agency,,coastalwebteam@gmail.com,,Agencies & Consultants,Charleston,SC,https://www.coastalwebteam.com/,,DuckDuckGo,Not Contacted
Nashville Internet Marketing,,,(536) 644-6952,Agencies & Consultants,Nashville,TN,https://www.webconsuls.com/nashville-health-care-seo-marketing,,DuckDuckGo,Not Contacted
The Local Clique,,info@thelocalclique.com,,Agencies & Consultants,Charleston,SC,https://www.thelocalclique.com/,,DuckDuckGo,Not Contacted
Charleston SC Digital Marketing Agency,,info@portcity.co,,Agencies & Consultants,Charleston,SC,https://portcity.co/,,DuckDuckGo,Not Contacted
Charleston SC Digital Marketing Company,,,,Agencies & Consultants,Charleston,SC,https://hibu.com/locations/charleston-sc,,DuckDuckGo,Not Contacted
CREATIV,,hello@creativsocial.com,(479) 489-2131,Agencies & Consultants,Charleston,SC,https://www.creativsocial.com/,,DuckDuckGo,Not Contacted
Marketing Firm in,,info@1bigwebdesign.com,,Agencies & Consultants,Nashville,TN,https://1bigwebdesign.com/marketing-firm/,,DuckDuckGo,Not Contacted
Business Consultant in,,,,Agencies & Consultants,Charlotte,NC,https://www.smallbusinesscoach.org/business-consulting-consultant-charlotte-nc/,,DuckDuckGo,Not Contacted
RAC Consulting,,rachel@racconsulting.net,,Agencies & Consultants,Charlotte,NC,https://racconsulting.net/home-v3/,,DuckDuckGo,Not Contacted
Business Consultant,,,(704) 953-5608,Agencies & Consultants,Charlotte,NC,https://dukebizadvisors.com/business-consultant-charlotte-nc/,,DuckDuckGo,Not Contacted
Unlock Growth with Expert Business Coaching,,info@outoftheboxadvisors.com,(904) 468-6268,Agencies & Consultants,Charlotte,NC,https://www.outoftheboxadvisors.com/home,,DuckDuckGo,Not Contacted
Emplois de Consultant à,,,,Agencies & Consultants,Charlotte,NC,"https://www.glassdoor.fr/Emploi/charlotte-consultant-emplois-SRCH_IL.0,9_IM162_KO10,20.htm",,DuckDuckGo,Not Contacted
Private Business Consultant,,,(450) 463-3411,Agencies & Consultants,Charlotte,NC,https://www.alignable.com/charlotte-nc/private-business-consultant,,DuckDuckGo,Not Contacted
